Никитин,Даниил,Денисович
Соколов,Ярослав,Иванович
Михайлова,Варвара,Марковна
Куликова,Малика,Львовна
Мартынова,Василиса,Матвеевна
Александров,Борис,Владиславович
Федоров,Демид,Алексеевич
Маслова,Виктория,Яновна
Павлов,Павел,Семёнович
Щукина,Вера,Никитовна
Селезнев,Константин,Владимирович
Шарапова,Алина,Леонидовна
Владимиров,Тимур,Семёнович
Исакова,Анна,Никитовна
Жданова,Яна,Александровна
Мишин,Егор,Валерьевич
Костина,Виктория,Игоревна
Третьякова,Александра,Антоновна
Константинова,Алёна,Данииловна
Аксенова,Елизавета,Ильинична
Зыков,Валентин,Степанович
Лихачев,Юрий,Эдуардович
Никифоров,Степан,Сергеевич
Гурьев,Севастьян,Платонович
Устинов,Тихон,Геласьевич
Логинов,Ипполит,Созонович
Гордеев,Панкрат,Ростиславович
Брагин,Даниил,Русланович
Федотов,Наум,Митрофанович
Поляков,Юлий,Протасьевич